{"cameraMode":{"drawMode":0,"name":"Shaded","section":"Shading Mode"},"sceneLighting":false,"audioPlay":false,"sceneViewState":{"showFog":false,"showMaterialUpdate":false,"showSkybox":false,"showFlares":false,"showImageEffects":false,"showParticleSystems":false},"in2DMode":false,"pivot":{"x":-0.9769309759140015,"y":1.294975757598877,"z":1.0109999179840088},"rotation":{"x":0.21646282076835633,"y":-0.5664918422698975,"z":0.15732824802398683,"w":0.7794092297554016},"size":1.1256424188613892,"orthographic":true}