{"cameraMode":{"drawMode":0,"name":"Shaded","section":"Shading Mode"},"sceneLighting":false,"audioPlay":false,"sceneViewState":{"showFog":false,"showMaterialUpdate":false,"showSkybox":false,"showFlares":false,"showImageEffects":false,"showParticleSystems":true},"in2DMode":false,"pivot":{"x":-0.8553094863891602,"y":0.27598071098327639,"z":0.9513707160949707},"rotation":{"x":-0.08901279419660568,"y":0.2621456980705261,"z":-0.024290256202220918,"w":-0.9606072902679443},"size":0.386601984500885,"orthographic":false}