{"cameraMode":{"drawMode":0,"name":"Shaded","section":"Shading Mode"},"sceneLighting":true,"audioPlay":false,"sceneViewState":{"showFog":false,"showMaterialUpdate":false,"showSkybox":false,"showFlares":false,"showImageEffects":false,"showParticleSystems":true},"in2DMode":false,"pivot":{"x":0.8298370838165283,"y":1.628362774848938,"z":2.772972345352173},"rotation":{"x":0.05941250920295715,"y":-0.8891310095787048,"z":0.12076933681964874,"w":0.4374140202999115},"size":-0.35819679498672488,"orthographic":false}