{"cameraMode":{"drawMode":0,"name":"Shaded","section":"Shading Mode"},"sceneLighting":false,"audioPlay":false,"sceneViewState":{"showFog":true,"showMaterialUpdate":false,"showSkybox":true,"showFlares":true,"showImageEffects":true,"showParticleSystems":true},"in2DMode":false,"pivot":{"x":-2.9802322387695315e-8,"y":1.222499966621399,"z":0.13750016689300538},"rotation":{"x":0.08662314713001251,"y":0.9133050441741943,"z":-0.27533963322639468,"w":0.2873297929763794},"size":5.157075881958008,"orthographic":false}