{"cameraMode":{"drawMode":0,"name":"Shaded","section":"Shading Mode"},"sceneLighting":true,"audioPlay":false,"sceneViewState":{"showFog":false,"showMaterialUpdate":false,"showSkybox":false,"showFlares":false,"showImageEffects":false,"showParticleSystems":true},"in2DMode":false,"pivot":{"x":-15.351373672485352,"y":0.17884981632232667,"z":-8.680561065673829},"rotation":{"x":0.09051645547151566,"y":-0.7014870047569275,"z":0.09056783467531204,"w":0.7010850310325623},"size":0.2661896347999573,"orthographic":false}