{"cameraMode":{"drawMode":0,"name":"Shaded","section":"Shading Mode"},"sceneLighting":true,"audioPlay":false,"sceneViewState":{"showFog":false,"showMaterialUpdate":false,"showSkybox":false,"showFlares":false,"showImageEffects":false,"showParticleSystems":true},"in2DMode":false,"pivot":{"x":56.28822326660156,"y":1.271676778793335,"z":-15.921418190002442},"rotation":{"x":-0.19057436287403108,"y":-0.6292920708656311,"z":0.16303373873233796,"w":-0.7355902194976807},"size":4.861595630645752,"orthographic":false}