{"cameraMode":{"drawMode":0,"name":"Shaded","section":"Shading Mode"},"sceneLighting":false,"audioPlay":false,"sceneViewState":{"showFog":false,"showMaterialUpdate":false,"showSkybox":false,"showFlares":false,"showImageEffects":false,"showParticleSystems":true},"in2DMode":false,"pivot":{"x":-0.42296743392944338,"y":0.3416748046875,"z":1.0966366529464722},"rotation":{"x":-0.053096238523721698,"y":0.39694225788116457,"z":-0.02300761267542839,"w":-0.9160176515579224},"size":0.4410274624824524,"orthographic":false}