{"cameraMode":{"drawMode":0,"name":"Shaded","section":"Shading Mode"},"sceneLighting":true,"audioPlay":false,"sceneViewState":{"showFog":false,"showMaterialUpdate":false,"showSkybox":false,"showFlares":false,"showImageEffects":false,"showParticleSystems":true},"in2DMode":false,"pivot":{"x":38.81464385986328,"y":43.325584411621097,"z":0.00004744529724121094},"rotation":{"x":0.023302515968680383,"y":0.08985303342342377,"z":-0.0021036285907030107,"w":0.9956802129745483},"size":196.66903686523438,"orthographic":true}