{"cameraMode":{"drawMode":0,"name":"Shaded","section":"Shading Mode"},"sceneLighting":false,"audioPlay":false,"sceneViewState":{"showFog":false,"showMaterialUpdate":false,"showSkybox":false,"showFlares":false,"showImageEffects":false,"showParticleSystems":true},"in2DMode":false,"pivot":{"x":0.503000020980835,"y":-0.3100000023841858,"z":-0.009000003337860108},"rotation":{"x":-0.04920428991317749,"y":0.10526800900697708,"z":-0.00521534588187933,"w":-0.9932121634483337},"size":0.3277798295021057,"orthographic":false}