{"cameraMode":{"drawMode":0,"name":"Shaded","section":"Shading Mode"},"sceneLighting":false,"audioPlay":false,"sceneViewState":{"showFog":false,"showMaterialUpdate":false,"showSkybox":false,"showFlares":false,"showImageEffects":false,"showParticleSystems":false},"in2DMode":false,"pivot":{"x":-0.748084545135498,"y":0.857840359210968,"z":2.525531768798828},"rotation":{"x":-0.0002695786242838949,"y":-0.9971602559089661,"z":-0.003591283457353711,"w":0.07522350549697876},"size":1.569756031036377,"orthographic":false}