{"cameraMode":{"drawMode":0,"name":"Shaded","section":"Shading Mode"},"sceneLighting":true,"audioPlay":false,"sceneViewState":{"showFog":false,"showMaterialUpdate":false,"showSkybox":false,"showFlares":false,"showImageEffects":false,"showParticleSystems":true},"in2DMode":false,"pivot":{"x":-42.76744079589844,"y":10.275055885314942,"z":-76.66688537597656},"rotation":{"x":-0.01147649809718132,"y":-0.987978458404541,"z":-0.09125255048274994,"w":0.12425746023654938},"size":50.148746490478519,"orthographic":false}