{"cameraMode":{"drawMode":0,"name":"Shaded","section":"Shading Mode"},"sceneLighting":false,"audioPlay":false,"sceneViewState":{"showFog":false,"showMaterialUpdate":false,"showSkybox":false,"showFlares":false,"showImageEffects":false,"showParticleSystems":false},"in2DMode":false,"pivot":{"x":0.0,"y":1.4900000095367432,"z":0.0037499992176890375},"rotation":{"x":-0.0992259532213211,"y":0.2770710587501526,"z":-0.028779683634638788,"w":-0.955278754234314},"size":3.100111722946167,"orthographic":false}