{"cameraMode":{"drawMode":0,"name":"Shaded","section":"Shading Mode"},"sceneLighting":false,"audioPlay":false,"sceneViewState":{"showFog":false,"showMaterialUpdate":false,"showSkybox":false,"showFlares":false,"showImageEffects":false,"showParticleSystems":true},"in2DMode":false,"pivot":{"x":303.36712646484377,"y":-103.97696685791016,"z":69.1666259765625},"rotation":{"x":-0.07348885387182236,"y":0.14960995316505433,"z":-0.011151673272252083,"w":-0.9859472513198853},"size":22.0,"orthographic":false}