{"cameraMode":{"drawMode":0,"name":"Shaded","section":"Shading Mode"},"sceneLighting":false,"audioPlay":false,"sceneViewState":{"showFog":false,"showMaterialUpdate":false,"showSkybox":false,"showFlares":false,"showImageEffects":false,"showParticleSystems":true},"in2DMode":false,"pivot":{"x":467.95452880859377,"y":54.095726013183597,"z":0.0},"rotation":{"x":0.05941250920295715,"y":-0.8891310095787048,"z":0.12076933681964874,"w":0.4374140202999115},"size":389.6835632324219,"orthographic":false}